,name,star,lang
4859,shakee93/fonoapi,282,JavaScript
143525,OptimalBits/bull,8826,JavaScript
155494,twbs/bootstrap,142879,JavaScript
97614,fontello/fontello,6334,JavaScript
100355,dtao/lazy.js,5914,JavaScript
36304,lukeed/polka,4077,JavaScript
142069,alsotang/node-lessons,15804,JavaScript
18887,auth0/angular-storage,657,JavaScript
182212,yjlou/2019-nCov,110,JavaScript
167392,hjkcai/wepy-plugin-axios,106,JavaScript
85372,pwxcoo/chinese-xinhua,7227,Python
77980,harvitronix/five-video-classification-methods,979,Python
106426,Media-Smart/vedaseg,286,Python
167159,justinmeister/Mario-Level-1,1765,Python
175708,vinta/awesome-python,84418,Python
179128,jinfagang/tensorflow_poems,3117,Python
183948,triketora/women-in-software-eng,740,Python
157910,eriklindernoren/PyTorch-GAN,6825,Python
137396,stephrdev/django-mongoforms,106,Python
38674,jimgoo/zipline-tensorboard,111,Python
38430,happylishang/DragScrollDetailsLayout,607,Java
23197,googlearchive/android-Camera2Basic,2630,Java
161484,matrixxun/ImmersiveDetailSample,455,Java
148429,OpenAPITools/openapi-generator,5825,Java
110808,code4craft/webmagic,9145,Java
184487,jodoglevy/gargl,508,Java
116439,facebook/buck,7445,Java
120957,CellularPrivacy/Android-IMSI-Catcher-Detector,3808,Java
48232,NaveenRudra/RTTM,105,Java
121562,leeowenowen/beauty-of-math,110,Java
67192,learn-anything/learn-anything,12188,None
160817,mathjax/MathJax,7668,None
34181,kahun/awesome-sysadmin,19851,None
139334,dehenne/awesome-visibility,351,None
168915,schmatz/cs-interview-guide,363,None
128334,vasanthk/react-bits,10824,None
151103,ugvf2009/Miles,814,None
37097,microsoft/WSL,9770,None
155287,MozillaFestival/mozfest-program-2018,101,None
52226,cppmap/cppmap.docs,104,None
132646,bblanchon/ArduinoJson,4597,C++
107754,capnproto/capnproto,7547,C++
28317,lemenkov/libyuv,395,C++
169667,zhongyang219/TrafficMonitor,8374,C++
134793,ssloy/tinyraytracer,3422,C++
123574,CRYTEK/CRYENGINE,10108,C++
101151,CedricGuillemet/ImGuizmo,1126,C++
167355,microsoft/onnxruntime,2593,C++
130731,hoehrmann/pngwolf,102,C++
190299,ZipCPU/dblclockfft,102,C++
14891,uber-go/ratelimit,1674,Go
170830,quickfixgo/quickfix,422,Go
2942,mercari/grpc-http-proxy,302,Go
151899,lalamove/konfig,569,Go
181284,gdrive-org/gdrive,6690,Go
64186,mohanson/daze,573,Go
13714,src-d/go-git,5033,Go
7174,jawher/mow.cli,676,Go
33911,layeh/gumble,112,Go
64470,bradfitz/campher,116,Go
123753,gameprogcpp/code,254,C
30885,6by9/raspiraw,132,C
50740,igraph/igraph,1018,C
179812,troglobit/smcroute,123,C
35222,graphitemaster/lambdapp,195,C
91170,netdata/netdata,47561,C
163937,SamyPesse/devos,524,C
21284,gcc-mirror/gcc,3986,C
180044,hartkopp/can-isotp,114,C
57483,happyfish100/fastdht,107,C
23665,GeekGhc/zhihu-app,396,PHP
97077,symfony/css-selector,6371,PHP
61234,KnpLabs/KnpMenu,1115,PHP
181541,asm89/Rx.PHP,210,PHP
136181,laravel/laravel,60271,PHP
10679,mk-j/PHP_XLSXWriter,1240,PHP
135839,processwire/processwire,616,PHP
160956,JakubOnderka/PHP-Console-Highlighter,6043,PHP
178803,lunaru/MongoRecord,108,PHP
172855,amwhalen/archive-my-tweets,109,PHP
14385,tubie/JFQiXin,175,Objective-C
7044,BoltsFramework/Bolts-ObjC,5596,Objective-C
116951,jverdi/JVFloatLabeledTextField,7041,Objective-C
69875,jezzmemo/JJException,1063,Objective-C
71234,inspace-io/INSPullToRefresh,836,Objective-C
125381,PureLayout/PureLayout,7397,Objective-C
110716,facebookarchive/SocketRocket,9030,Objective-C
147787,Ink/ThatPDF,519,Objective-C
152609,Congee/NetSpeedMonitor,109,Objective-C
52507,weAreYeah/WAYTheDarkSide,108,Objective-C
144300,codeforamerica/ohana-api,172,Ruby
102563,Arachni/arachni,2752,Ruby
127819,stripe-contrib/pagerbot,270,Ruby
161863,shadabahmed/logstasher,759,Ruby
57739,rails/jbuilder,3783,Ruby
187662,JuanitoFatas/fast-ruby,4846,Ruby
110120,thoughtbot/administrate,4809,Ruby
103619,diffux/diffux,257,Ruby
126274,crashtech/torque-postgresql,113,Ruby
17167,yb66/Sinatra-Partial,105,Ruby
