username,user_id
OpenAPITools,391
gturri,392
wing328,393
dweinstein,394
Reinhard-PTV,395
seanich,396
MartinDelille,397
jimschubert,398
jdimeo,399
patou,400
borsch,401
hidden-primary-net,402
dimber-cais,403
msosnicki,404
tomplus,405
tiffmaelite,406
bernie-schelberg-mywave,407
listopad7,408
GregDThomas,409
daberni,410
tmkha21,411
adatta02,412
Setfive,413
kuhnroyal,414
shonfeder,415
aimxhaisse,416
royi-frontegg,417
lgsicpa,418
dylan-kwon,419
mdipsan,420
wakaztahir,421
scarol8,422
jorgerod,423
walter11235,424
rohsaini,425
abey-yoseph,426
robrocketmakers,427
dogrizz,428
panphg,429
devhl-labs,430
chrishough,431
tkalliom,433
pae23,435
jodoglevy,434
ghost,42
siyaoli,436
EdTice,440
Solace-Studios,441
nmcardoso,442
egpast,443
mdzyuba,444
adolfojunior,445
patosai,446
marcesengel,447
mikekap,448
cortinico,449
lujiefsi,450
yifuwang,451
alekseevpg,452
yanks,453
R1kk3r,454
Lcsmarcal,455
SiddhantRanade,456
luis-booking,472
emaiannone,475
iamnew70284,476
CellularPrivacy,474
comradekingu,477
kaichunlin,478
kiwharryrock,494
Ketan-Desai,500
NaveenRudra,503
sunnysharmagts,507
dpvc,512
toto6038,513
mathjax,511
sylee957,515
luzpaz,516
merloxx,517
cottrell,518
swickrotation,519
AlexEdgcomb,525
hbghlyj,527
pkra,538
goldentg,543
gaius-qi,544
cereal7802,545
MBeggiato,546
vdbsh,547
petersonbasso,548
godfryd,549
tsaavik,550
jourdan,551
git-sgmoore,552
colindaven,553
gratuxri,554
ramanan-r,555
myersg86,556
Manikaran-appachhi,557
Domarys,558
gempain,559
jimpanse123,560
westurner,561
gabrie30,562
toppledwagon,563
adrian,564
bLeveque42,565
aminvakil,566
dayofdoom,567
pr0PM,568
jaredsiegel,569
jonnyair,570
dehenne,576
mozfest-bot,584
bunnybooboo,583
AngelJum,588
Btayeg,589
Jcoopt,590
jontutcher,586
arroway,587
Raclamusi,593
Reputeless,595
philippesikora,601
Jeroen88,603
bblanchon,597
capnproto,619
kentonv,620
mrbbot,622
dom96,623
ocdtrekkie,624
fabiorossetto,625
mesedik,626
ObsidianMinor,629
alexrobomind,631
JonasVautherin,632
uhthomas,633
vaci,634
thomaslee,635
jrsala-auguration,636
litghost,637
vlovich,638
elelel,641
jclee,621
ScatteredRay,639
TelltaleGames,640
JackBoosY,642
ghbplayer,643
RReverser,644
ecatmur,645
harrishancock,630
gavento,646
ErikMcClure,627
BombaxCeiba,659
rayfalling,660
holylong,661
compnerd,695
maciek-szn,696
shakee93,51
realtechspecs,52
ThinkDigitalSoftware,53
luckv,54
josuebasurto,55
whiteeagle44,56
anindya-dey,57
jamureddy,58
Wlada,59
prashantgodhwani,60
toledorobson,61
impirios,62
dlegend116,63
dilipchandima,64
ahmedNagar123,65
Rujengelal,66
Rudolfet,67
Catbirby,68
Vmoos,69
PierreMarieRiviere,70
Nkvnl,71
rahul05ranjan,72
JimRaid,73
arkgnan,74
100401031,75
titoff002,76
Deepakchawla,77
shubhamkandiyal,78
techmun,79
OptimalBits,80
mamousavi,362
Thore1954,81
royalpinto,82
ASWATFZLLC,83
manast,84
HugoPoi,85
dawiss1337,86
rysi3k,87
aarhusgregersen,88
vkpdeveloper,89
bueno12223,90
manlek,91
ElFisherMan,92
oreoluwa-bs,93
soumitradev,94
OliverwengFiltered,95
bmyun,96
cosydney,97
kikar,98
mtheotokis,99
carlos870,100
EizFeren,101
aislanmaia,102
mmedvedik,103
derN3rd,104
aste-mikkok,105
zachlevy,106
yairk,107
wdh-1025,108
dko-slapdash,109
adamlounds,110
twbs,111
SantiagoPVazquez,363
XhmikosR,113
julien-deramond,116
tgm-git,364
louismaximepiton,115
mdo,114
jonnysp,117
oraliahdz,118
patrickhlauke,119
Elysiome,120
kyletsang,121
gregorw,122
Sir-Genius,123
Sumit-Singh-8,124
ChellyAhmed,125
lekoala,126
LunicLynx,127
devhoussam1998,132
alexandergitter,131
MewenLeHo,133
stijn7621,134
JBBianchi,135
fontello,139
bytesnz,140
Pantura,141
mebur,142
pranjal-85,143
szanni,144
linkmatrix,145
YaroslavBerkuta,146
maryhodis,147
rclabo,148
MrMerkin,149
kalttaaja,150
FloxY-Y,151
elma123,152
nathanmerry,153
Chelvis,154
petrsvihlik,155
l3rodey,156
okj579,157
nonamich,158
derekonay,159
blizam,160
the-alexandra,161
saidbakr,162
Kravimir,163
puzrin,164
jonathanj,165
nebulon42,166
auth0,167
yjlou,168
haimkastner,169
talbenbasat,170
CodeAgainstCorona,171
Stimim,172
WeileiZeng,173
lefetmeofefet,174
DavidStodolsky,175
pwxcoo,176
xinzaidxue,177
cfeibiao,178
Liutos,179
yangrq,180
jnchen,181
nottellyou,182
suno2015,183
FormatFa,184
SeeleC,185
sunranlb,186
wangwang110,187
mapull,188
long2ltoy,189
zk123456,190
zhaoyun0071,191
icering,192
emanon-k,193
2501224066,194
weiyinfu,195
qhduan,196
qdk0901,197
SnowOnion,198
LawrenceYYS,199
Ice-Hazymoon,200
TowardtheStars,201
OpenYourArms,202
lvtu0316,203
nobodxbodon,204
caoxingyu,205
wanglefeifei,206
harvitronix,207
saurabh241930,208
prabindh,209
ideaRunner,210
sanshibayuan,211
ikvision,212
Anner-deJong,213
mertia-himanshu,214
JosephMartinelli,215
jianghongsun,216
suheib-sherif,217
sunruina2,218
Magsun,219
shashi438,220
preetigupta010203,221
hetrf,222
sayakpaul,223
pandey2000,224
NaeemKhan333,225
arianaa30,226
zxj11838,227
mainakphdcs18,228
jacoblawrence999,229
elstonsa,230
aezco,231
swaticolab,232
AvaniPitre,233
AaliaLokhandwala,234
Lihongjian520,235
Adam-Oudaimah-SCASE,236
Devine43,237
VishnuDev-droid,238
momo1986,239
Sharma-Prachi,240
drewgash,241
Media-Smart,242
DarthThomas,243
Agnes-U,244
Czshippee,245
thatsdone,246
panovr,247
lun-lun-byte,248
Rajrup,249
justinmeister,250
LetMeFly666,251
harpercorpus1,252
jackson-new,253
Alonzo-tech,254
0101isafk,255
shubhamrajeevpunekar,256
pisti72,257
AndreaLongoni,258
jaycedonovane,259
tmanapat,260
douglasalvesastro12,261
newTypeGeek,262
eiyouwangding,263
huige555551,264
Mkone32,265
hughperkins,266
bittner,267
Ja1r0,268
alexvandijk,269
boscotsang,270
ssummun54,271
joongsoo,272
remi-blaise,273
lowbox,274
jojoo-,275
FreeBirdLjj,276
metulburr,277
vinta,278
diyarbagis,700
aliev,279
rzashakeri,280
fabiocaccamo,281
saikrishna4276,282
justinpolygon,283
merlin-lacuna,284
syedmouaazfarrukh,285
kaypee90,286
liufeigit,287
renatocfrancisco,288
yashdev9274,289
Fatal1ty,290
shabelski89,291
picklelo,292
HaniKamal,293
awmatheson,294
ndonkoHenri,295
Milind220,296
mathblin,297
AlaShibanAtKlo,298
pikasTech,299
Not-Sarthak,300
JustinBacher,301
metinsenturk,302
musaib5,303
peidrao,304
aquemy,305
piankma,308
triketora,309
hilarysk,310
eriklindernoren,311
semihhdemirel,312
San-ctuary,313
WalterDUT,314
aqbewtra,315
CaoE,316
foersterrobert,317
Hazarre,318
masud99r,319
unnir,320
sahilg06,321
Boyden,322
chenyang1999,323
Hosein47,324
Sean16SYSU,325
pierrebernard7,326
hou-yz,327
lukas-blecher,328
HCMY,329
nicolas-gervais,330
Aniloid2,331
IvanFei,332
mexxik,333
Misaliet,334
HanbumKo,335
shshojaei,336
Kanbe-Kotori,337
bekhzod-olimov,338
KomputerMaster64,339
DCMJY,340
SYLin117,341
SITUSITU,342
mia-7,343
YoojLee,344
utkarsh0902311047,345
Sumeet2807,346
spidyskip,347
edwardcho,348
SikangSHU,349
kareem337,350
zhou-rui1,351
10961020,352
EmreOzkose,353
LunarSun,354
John155,355
stephrdev,356
caitifbrito,357
multmeio,358
ddesign84,359
collinanderson,360
storozhukBM,702
Neal,709
quickfixgo,708
sai-g,710
sylr,713
smulube,714
appital,715
level2player,711
longbridgeapp,712
zee276,716
adam-talos,717
Tarang,718
letian0805,721
juztin,722
tigerlee,723
gpmn,724
blutack,725
mvoolt,734
s3lph,735
franciscod,736
feuerrot,737
fouf,738
christoph-neumann,739
michaeleggers,753
LeeTeng2001,756
professorcode1,761
rfulekjames,763
Nachiket18,764
ntamas,762
igraph,760
VRajesh7649,766
valdaarhun,767
Jeroenvh99,768
GenieTim,769
lichengzhang1,770
szhorvat,765
GroteGnoom,771
sergey-ryvkin,784
guardrails-test,785
Pignotto,786
likunyur,787
jonesmz,788
DEvil0000,789
wunderboyy,790
vittorioromeo,791
gcc-mirror,783
f0k,793
l0uda,794
Pilot-Pirx,795
drac98,796
Nicholas42,797
Steve-Dusty,798
cppjames,799
im-pankaj-00,800
coralkashri,801
Sparta-9,802
geekyprateek-kali,803
krlmlr,804
al-mission-2016,805
Shivam7-1,806
d3x0r,807
w-simon,809
Kochise,811
jacopobrusini,792
wenxuegege,810
Echo21bash,817
agile6v,818
Watkinsong,831
arokettu,834
kkr-Christopher,835
paveurba,836
DarkVss,839
artnum,840
Zarganwar,841
penzin,842
sirhvd,843
noerone,844
mk-j,830
athena-metis,845
hnx8,846
DarkBee,847
denuu,848
ThornyS,849
heew,850
mauriciogior,851
Shnoulle,852
mayank,853
abrynczka,832
hongdung6992,861
c-s-w,837
the-ge,878
matjazpotocnik,881
jnessier,882
adrianbj,883
JanRomero,886
elabx,887
v-maillard,888
BernhardBaumrock,884
baumrock,885
MrSnoozles,889
jploch,890
pine3ree,891
FlipZoomMedia,892
hiboudev,893
donatasben,894
Tyde,895
andy-scboy,896
chriswthomson,879
macedd,898
shaoyangyu,899
chtitux,901
dClauzel,902
progval,906
drdaz,911
mman,912
legendgamer50,913
cdeust,914
Nonnus,915
sgl0v,916
conradev,917
superClown,971
misaka14,972
sharehoney,975
scyios,996
gyyxiaogao,990
PureLayout,999
dimidrol86,1001
revolter,1002
phantomato,1003
openaphid,1006
toohotz,1008
lwdupont,1000
lenichols,1030
ananddass,1038
hahwul,1045
ruan-brandao,1046
JesseEstum,1047
faheel,1048
alanyee,1049
thomashartm,1050
adamtorok96,1051
lprat,1052
ShiZiLaiXi,1060
mohghezal,1058
xaviershay,1082
zerkz,1080
macobo,1094
thoughtbot,1097
elrosa,1099
pablobm,1100
geniuskidkanyi,1103
cabe56,1106
muriloime,1109
n-studio,1110
edimossilva,1111
RaeRachael,1112
DavidGeismarLtd,1114
dgmstuart,1115
sedubois,1116
bhtabor,1120
mauriciozaffari,1121
jumjamjohn,1122
tabfugnic,1119
bikramwp,1123
das3in,1124
Joranhezon,1098
nickcharlton,1113
ammancilla,1127
etagwerker,1101
c4lliope,1104
nhippenmeyer,1107
diffux,1141
lencioni,1145
trotzig,1147
crashtech,1148
DanielHeath,1149
mlt,1152
lwiecek,1154
battaile,1155
brabiega,1156
matthewepler,1157
imwilsonxu,1158
krosaen,1159
beane,1160
justhamade,1161
sbs863,1162
verekia,1153
nikitagoyal028,1185
milahu,1188
mypchas6fans,1189
negrusti,1190
dancodes,1191
michaelpapesch,1193
Devhercule,1208
panthony,1211
capaj,1214
http-party,1213
Serjobas,1215
Manhydra,1216
vilherda,1217
yulodl,1218
Matt-Esch,1219
oBusk,1220
Jimbly,1221
FinnStutzenstein,1222
damiandragowski,1223
gravyTrainee,1224
jacobbuck,1225
gsf4726,1226
tangdaohai,1227
pachirel,1228
c19,1229
Areej-Fatima,1234
pashabhn,1236
phated,1252
silvenon,1254
mvicens,1255
janiceilene,1267
yocontra,1269
ketan-10,1274
sayna3311,1275
AkkiSeven,1276
adityamohta,1277
Zaman3027,1278
khpatel8,1279
Micjoey,1280
venunalla7731,1281
relaxedcoder,1283
kalesourabh01,1284
facebook,439
moti-test-4,1308
karlhorky,1311
DemonHa,1312
sbindass-deal,1313
rluvaton,1151
HollyPony,1316
nnmax,1317
rheh,1318
khalidwaleed0,1319
c-w,1320
maksimdegtyarev,1321
priyankgandhi,1322
Ph0enixKM,1323
jmgregory,1324
Ferri0,1325
dylan8902,1326
demurgos,1327
webbertakken,1328
kixxer01,1329
izzygld,1330
dedo1911,1331
andrzej-erli,1332
paramt,1333
allanzi,1334
Nareshdhori,1335
donnygitsome,1336
Nnadozie,1309
emanisay27,1314
justinlew,1360
lmq3342xja,1361
Laplacence,1362
gyf304,1363
airycanon,1364
gehuangyi20,1365
lxcuso4,1366
mikyxdxd,1367
eleveni386,1368
iamcc,1369
yangliuan,1372
nacmartin,1396
felipethome,1397
peblair,1398
gabejohnson,1399
matiasmorant,1403
kevin-dp,1407
disnet,1409
Jamesernator,1411
zerosoul,1415
AshleyGrant,1423
riddla,1424
vegarringdal,1426
kpym,1428
jdanyow,1429
Brigad,1446
Akshi22,1449
maxacode,1450
sagar0907,1451
stella-maris19,1452
yuvraj9,1453
Mithun1508,1454
akothari-godaddy,1455
tamj0rd2,1456
Zakenmaru,1457
anime-sh-github,1458
ray247k,1459
VinayMayavanshi13,1460
coditamar,1461
Yakitrak,1462
shogohida,1463
rajatagarwal,1464
samdark,1465
samber,1466
parvezmrobin,1467
jrmh96,1468
maheshkasabe,1469
AwsYaseen22,1470
TrounceGames,1471
rajimithu,1472
VijetaH,1473
valerii-chirkov,1474
jackeysui,1475
ilyash-b,1480
markopy,1482
pfps,1483
Svenum,1488
CuiJinku,1494
asiuyy,1495
MSFTserver,1496
aviallon,1497
giacy86,1498
iBobbyTS,1499
tobbez,1500
avinashpaliwal,1493
Rishabh-Samra,1507
rsjjdesj,1510
quintendewilde,1511
haiya512,1518
chenbotao828,1519
bugrevelio,1520
Imccccc,1521
mashihua,1522
bobolau,1523
hanx11,1524
chvleshi,1540
WangPney,1552
mattia-lecci,1554
xiota,1555
chncaption,1556
alexdelorenzo,1557
utdemir,1558
brianhou,1559
michaelitvin,1560
kkroening,1553
sota0121,1561
ezequielramos,1562
misaka-10032,1563
Harsh-br0,1564
ArchieMeng,1565
erikkai,1566
eltyy,1567
Noiredd,1568
yoyonel,1569
u2takey,1572
innayatullah,1573
silviot,1574
hdk5,1575
cmehay,1576
buresu,1577
cbitterfield,1578
Nitaym,1579
rpatterson,1580
jon-jett,1583
duruburak,1585
writeameer,1605
Komi7,1606
abubakrsiddq,1607
geo7,1608
hustnzj,1609
kianmeng,1610
alanhoyle,1611
opelr,1612
mattst88,1613
JS-Zheng,1614
rico-chet,1615
joebb97,1616
DeepMechatronics,1617
faiz-crypto,1618
GlazerMann,1619
timgates42,365
lxp521125,1620
asellappen,1621
mesmerx,1622
mbologna,1623
abravalheri,1624
Tarik02,1625
ashwinvis,1626
dalanicolai,1627
MrKriss,1628
lcorbasson,1647
rachekalmir,1648
wireservice,1646
slhck,1675
moi90,1680
brentpicasso,1681
rawler,1682
hmaarrfk,1683
cclauss,1684
robinechuca,1685
jonasdehlin,1686
sirf,1687
karoldob,1688
bjuncek,1689
jlaine,1690
Kazhuu,1691
NPN,1692
alexhutnik,1693
johanjeppsson,1694
kice,1695
PyAV-Org,1679
mastak,1697
mikeboers,1696
koenvo,1698
magicbear,1699
ponponon,1714
ondave,1713
tr8dr,1719
Cantoria,1720
sreevarsha,1731
783572361,1740
zhaopanpan73,1742
p-upadhyay,1747
ilatypov,1748
luismavs,1760
tam17aki,1761
KulikDM,1762
Dobatymo,1763
madriss,1764
juliamariglia,1765
sai-krishna-msk,1766
GBR-613,1767
smarie,1768
julienschuermans,1769
gian21391,1770
EricWebsmith,1771
xiefangyan001,1772
Shihab-Shahriar,1773
RoelBouman,1774
John-Almardeny,1775
SaVoAMP,1776
dangmanhtruong1995,1728
mavaddat,1800
rcaloras,1799
Bric3d,1822
sslavian812,1823
ocean1992,1824
Lane689,1827
northwill,1820
cjnolet,1841
kiasoc5,1843
PQYPLZXHGF,1844
lahwaacz,1842
keycloak,1847
Saman-jafari,1848
mhajas,1849
rmartinc,1850
agagancarczyk,1851
edewit,1853
sguilhen,1855
ahus1,1858
vramik,1860
jonkoops,1852
antikalk,1861
lagess,1862
pedro-hos,1863
mabartos,1864
etchepar,1865
lhanusov,1866
dattc612,1867
wojnarfilip,1868
vilmosnagy,1869
SetoKaiba,1870
mkrueger92,1871
pedroigor,1854
enastevska,1888
0xbakry,1891
rickie,1892
coderdeadpool,1893
nrmancuso,1894
Rohitrky2021,1896
checkstyle,1890
Kevin222004,1897
shubh220922,1898
jxr98,1899
strkkk,1895
YehiaFarghaly,1901
athuma,1902
Vyom-Yadav,1903
rnveach,1900
AlenJoseph55,1904
romani,1905
varad64,1906
arinmodi,1907
stoyanK7,1909
skykit-adamvernier,1913
jhihn,1914
pateljunaid,1915
rjbrock,1918
eps1kk,1919
rogerus,1920
cocia,1921
abasile,1922
vkosh,1923
jrejaud,1924
KunalKathrotia,1925
nschwermann,1926
mohammad-rahchamani,1927
dejavu1988,1928
juanmougan,1929
simtel12,1930
robUx4,1931
mboudraa,1932
flyinmind,1949
dmitryshimkin,1960
nzakas,1959
IvanQin,1971
skywalker0507,1972
MansourM,1980
Micoder-dev,1981
ardacebi,1982
ercanpinar,1983
lisitso,1984
lucazin,1992
xinwii,2011
dev-ritik,2012
humazed,2013
pkarira,2014
suyashmahar,2015
timis1,2027
alemoles,2028
imsurajmishra,2029
abh1navv,2030
panos-kakos,2031
anuragkumawat,2032
edizor,2033
akash-rt,2034
Eredisse,2035
jsgrah-spring,2036
ehsansasanian,2037
muasif80,2038
bhaskar16,2039
Attila96,2040
juniorbuba,2041
ralvarezmar,2042
pjfanning,2043
sk1418,2044
SmolParascythe,2048
daxcurson,2049
LadyLazorcorn,2050
albertsal,2051
msdrozd,2052
chynnasevilleno,2053
slobglob,2054
alt236,2055
jhlee4bb,2056
ferglezt,2057
kinglong123,2058
julioz,2059
enricocid,2060
patrickfav,2061
WurstMitDurst,2062
MuhamedFathy,2063
jose-gil,2064
anasanasanas123,2065
renaudcerrato,2066
mariotaku,2067
alxndr-k,2068
thefex,2069
amanzan,2070
xiaolongyuan,2071
umano,2047
sarahlensing,2073
hannesa2,2074
bhapps,2101
ImangazalievM,2100
torquebox,2113
JLLeitschuh,2115
seanstory,2117
mkristian,2114
lmerckx,2138
OdeiRZ,2139
lackyluuk,2140
zhubl,2142
GengZY,2143
Darren999,2144
CreepPork,2156
elgs,2180
aklsh,7
DynamoRIO,2182
prasun3,2187
AssadHashmi,2184
kuaiwei,2191
kuhanov,2192
abhinav92003,2189
derekbruening,2188
dolanzhao,2186
davidben,534
StephanvanSchaik,2193
fmoessbauer,2195
N0fix,2198
algrant-arm,2199
0xIzaak,2201
ofry,2203
johnfxgalea,2202
merckhung,2204
missimer,2205
jackgallagher-arm,2183
yxy-whu,2207
Desperado17,2209
bete0,2190
murale127,6
Adil-MohammedK,2211
eetuko,2240
tonybase,2241
itlinux,2242
bootleq,2243
scottarthur,2245
jmftrindade,2246
farmergreg,2247
jiangytcn,2244
fuyou001,2254
morenoh149,2258
Roshanjossey,2264
PhuocOng,2266
uixaadi,2267
sleepypioneer,2268
opensourcediversity,2265
Richie1136,2271
SANJAY072000,2272
2201monesh,2273
mayuribotre15,2274
siddhanth339,2275
emmairwin,2276
Ahcatan,2269
kulendu,2277
shub-garg,2278
joelwass,2279
bunnydays,2280
jancborchardt,2281
jwflory,2270
asquare14,2288
camilasan,2289
suntala,2291
Alexloucy,2293
jeremydurden,2294
Furiousphantom25,2295
rahul-darmula,2296
bolt07,2297
Justice-Molefi,2298
BhuvanSA,2299
ah7255703,2300
mhsajjadhossain,2301
minnayu,2302
janhavipunse,2303
Sinrez,2304
dubeyaditya29,2305
nsonika,2306
Fuji-P,2307
RafalSajko,2308
PriyanshuSinghRajput,2309
NarpatAanjana,2310
helenajr,2311
The-Lennzer,2312
marcusvno,2313
Treeofabyss,2314
mMartinez00,2315
subhadeeppaul,2316
caseBread,2317
Thirumurugan-12,2318
mithintv,2319
Switch19,2320
clxdia,2321
Whynotmelvin,2322
firstcontributions,2292
davidakennedy,2326
erikkroes,2327
jimbateson,2328
rachel-fischoff,2329
aguscha333,2331
ericwbailey,2330
mxmason,2332
a11yproject,2325
danielmatthew,2333
p2635,2338
ilknureren,2337
AccessiT3ch,2342
kiriann,2344
RF-Nelson,2349
jandahl,2350
mwhite,2351
aackerman,2360
davepgreene,2365
primer,2367
mperrotti,2369
lukasoppermann,2373
danielguillan,2374
emilybrick,2371
josepmartins,2375
colebemis,2370
mbappai,2376
langermank,2372
TheeMattOliver,2377
superbryntendo,2380
yaili,2381
JoshBowdenConcepts,2368
maximedegreve,2383
alliethu,2378
pksjce,2379
emplums,2387
matuzo,2390
mgifford,2391
esjay,2334
sandsmark,2395
craffer,2396
